Chelsey Dietrich,Lucio_Hettinger@annie.ca,User-centric fault-tolerant solution
Chelsey Dietrich,Lucio_Hettinger@annie.ca,User-centric fault-tolerant solution
Nicholas Runolfsdottir V,Sherwood@rosamond.me,Implemented secondary concept
Leanne Graham,Sincere@april.biz,Multi-layered client-server neural-net
Nicholas Runolfsdottir V,Sherwood@rosamond.me,Implemented secondary concept
Ervin Howell,Shanna@melissa.tv,Proactive didactic contingency
Nicholas Runolfsdottir V,Sherwood@rosamond.me,Implemented secondary concept
Ervin Howell,Shanna@melissa.tv,Proactive didactic contingency
Glenna Reichert,Chaim_McDermott@dana.io,Switchable contextually-based project
Chelsey Dietrich,Lucio_Hettinger@annie.ca,User-centric fault-tolerant solution
Clementine Bauch,Nathan@yesenia.net,Face to face bifurcated interface
Clementine Bauch,Nathan@yesenia.net,Face to face bifurcated interface
Nicholas Runolfsdottir V,Sherwood@rosamond.me,Implemented secondary concept
Nicholas Runolfsdottir V,Sherwood@rosamond.me,Implemented secondary concept
Kurtis Weissnat,Telly.Hoeger@billy.biz,Configurable multimedia task-force
